label,pixel_acc,iou,dice,precision,recall
ILSVRC2012_val_00013716,0.9005899429321289,0.4989955723285675,0.6657732725143433,1.0,0.4989955723285675
